{
  "metadata": [
    {
      "src": [
        {
          "src": "../managed/CounterStrikeSharp.API",
          "files": ["**/*.csproj"],
          "exclude": ["**/bin/**", "**/obj/**"]
        }
      ],
      "filter": "filterConfig.yml",
      "dest": "api",
      "namespaceLayout": "nested"
    }
  ],
  "build": {
    "content": [
      {
        "files": ["**/*.{md,yml}"],
        "exclude": ["_site/**"]
      }
    ],
    "resource": [
      {
        "files": ["images/**"]
      }
    ],
    "output": "_site",
    "template": ["default", "modern", "layouts/cssharp"],
    "globalMetadata": {
      "_appFaviconPath": "images/cssharp.svg",
      "_appFooter": "<a href=\"https://docs.cssharp.dev\">docs.cssharp.dev</a>",
      "_appLogoPath": "images/cssharp.svg",
      "_appName": "CounterStrikeSharp",
      "_appTitle": "CounterStrikeSharp",
      "_disableNewTab": true,
      "_enableNewTab": true,
      "_enableSearch": true,
      "pdf": false
    },
    "sitemap": {
      "baseUrl": "https://docs.cssharp.dev",
      "changefreq": "hourly"
    }
  }
}
